"1790417693553959252","https://twitter.com/yuuki170/status/1790417693553959252","2024-05-15 01:23:37","2023å¹´ã€é¾æ³‰æ´è¡Œã£ãŸæ™‚ã®è¨˜éŒ²ã€‚
ç§‘å­¦ç ”ç©¶ã®å ´ã¨ã—ã¦é¾ä¹³æ´ã¨ã„ã†ã‚¢ã‚¤ãƒ‡ã‚¢ã‚‚ã‚ã‚‹ã€ã¨ç¤ºã—ãŸã€‚
ç§ã¯èˆˆå‘³ãªã„ã€‚ https://twitter.com/yuuki26/status/1790416909839597660"
"1790384662680101366","https://twitter.com/yuuki170/status/1790384662680101366","2024-05-14 23:12:21","ç§ã¯é¾ä¹³æ´å¤§å«Œã„ãªã“ã¨ã‚ã‹ã£ãŸã€‚
æ´ç©´å­¦ã‚‚èˆˆå‘³ãªã„ã€‚

ç”Ÿç‰©ãŒã„ã‚‹ã“ã¨ãŒã‚ã‚‹ã¨æ›¸ã„ã¦ã‚ã£ãŸã‹ã‚‰ã€‚ç”Ÿç‰©å¤§å«Œã„ã€‚ https://twitter.com/yuuki26/status/1790382446002815242"
"1790355632866161081","https://twitter.com/yuuki170/status/1790355632866161081","2024-05-14 21:17:00","@makotogunso æŠ•ç¥¨ã—ã‚ã‚ˆw

è§£èª¬ã™ã‚‹ã¨â€¦â€¦åå‰ã¯â—‹â—‹â—‹ã§ã™ã£ã¦ã®ã‚’ç‰©å‡„ã„ã²ã­ã£ãŸæ–¹æ³•ã§ä¼ãˆã‚ˆã†ã¨æ€ã£ãŸ"
"1790063591757877625","https://twitter.com/yuuki170/status/1790063591757877625","2024-05-14 01:56:32","@no_tl
https://twitter.com/yuuki170/status/1790062433207189885 https://twitter.com/yuuki26/status/1790059097250779496"
"1790062433207189885","https://twitter.com/yuuki170/status/1790062433207189885","2024-05-14 01:51:56","æŠ•ç¥¨ã§åå‰æ±ºã‚ãŸã„ã¨æ€ã†ã€‚"
"1790062147772318079","https://twitter.com/yuuki170/status/1790062147772318079","2024-05-14 01:50:48","è¦ªãŒã‚ã‚“ã‚ã‚“é£¼ã„å§‹ã‚ãŸã€‚æ•£æ­©ã«åŒè¡Œã—ãŸã€‚(10mé›¢ã‚Œã¦æ­©ã„ãŸã€‚)ç§ã¯å‹•ç‰©å¤§ã®è‹¦æ‰‹ã€‚iPhoneã§ã‚¸ãƒ£ãƒƒã‚¯ãƒ©ãƒƒã‚»ãƒ«ãƒ†ãƒªã‚¢ã¨èªè­˜ã•ã‚ŒãŸã€‚ https://twitter.com/yuuki26/status/1790059090921591269"
"1790020662351851923","https://twitter.com/yuuki170/status/1790020662351851923","2024-05-13 23:05:57","Tå±‹è¡Œã£ãŸã€‚(åºŠå±‹ã®ç•¥) https://twitter.com/yuuki26/status/1790020222239318435"
"1789684796043755876","https://twitter.com/yuuki170/status/1789684796043755876","2024-05-13 00:51:20","ã‚†ã†ãã®ãƒã‚±ãƒ¢ãƒ³GOã¾ã¨ã‚ãŸã€‚
ã‚²ãƒ¼ãƒ ã¯ä»¤å’Œã®è³‡æ ¼ã«ãªã‚‹ã¨æ€ã†ã€‚è‹±æ¤œçš„ãªã€‚ https://twitter.com/yuuki26/status/1789684335915971059"
"1789565583857734017","https://twitter.com/yuuki170/status/1789565583857734017","2024-05-12 16:57:38","ç„¼è‚‰KINGè¡Œã£ãŸ
ã—ã‚‡ã£ã±ã„ã€‚è‚‰ã‚’çƒé¾èŒ¶ã§æ´—ã£ã¦é£Ÿã¹ã‚Œã°ã‚ˆã‹ã£ãŸ https://twitter.com/yuuki26/status/1789565212447682691"
"1789476810180403223","https://twitter.com/yuuki170/status/1789476810180403223","2024-05-12 11:04:53","ä½LvåŸç¥æ”»ç•¥ã®å­¦å•ã‚’å‰µå§‹ã—ãŸã„ã¨æ€ã†ã€‚
Lv20æœªæº€ã€é…å¸ƒã‚­ãƒ£ãƒ©ã®ã¿ã€‚

æ™‚é–“åˆ¶é™æˆ¦é—˜ãªã©ã¯ä½Lvã§ã‚„ã‚‹ã¨ã€å°†æ£‹ã«è¿‘ã„é ­è„³ã‚²ãƒ¼ãƒ ã«ãªã‚‹ã€‚ https://twitter.com/yuuki26/status/1789476007709180381"
"1789284366201589814","https://twitter.com/yuuki170/status/1789284366201589814","2024-05-11 22:20:10","æ·±å¢ƒèºæ—‹ 3å±¤1é–“
æ”»æ’ƒåŠ›+40%
90ç§’æ®‹ã—

é¢¨ä¸»äººå…¬ã€‚
50å›ã‚„ã£ã¦ãªã‚“ã¨ã‹ã‚¯ãƒªã‚¢ã€‚ https://twitter.com/yuuki26/status/1789283203087515928"
"1789223640816652652","https://twitter.com/yuuki170/status/1789223640816652652","2024-05-11 18:18:52","2ãƒ»3é–“ã¯Lv2ã‚¬ã‚¤ã‚¢ + è‰ä¸»äººå…¬ã‚¢ãƒ³ãƒãƒ¼ãƒãƒ¼ãƒãƒ©ã§ã‚®ãƒªã§ããŸã€‚
(æ˜Ÿ3ãƒ»æ˜Ÿ1) https://twitter.com/yuuki26/status/1789222585466757199"
"1788948357920211117","https://twitter.com/yuuki170/status/1788948357920211117","2024-05-11 00:05:00","æ·±å¢ƒèºæ—‹ 2å±¤1é–“
æ”»æ’ƒåŠ›+30%
90ç§’æ®‹ã—

ã‚¢ãƒ³ãƒãƒ¼äººå½¢â†’ãƒãƒ¼ãƒãƒ©æˆ¦æ³•ã€‚
å¤‰ç•°ã‚¹ãƒ©ã‚¤ãƒ å„ªå…ˆã€‚
æœ€åˆ40ç§’ã¨ã‹ã ã£ãŸã®ã«ãªãœã‹ã§ããŸã€‚ https://twitter.com/yuuki26/status/1788946674653814797"
"1788368903862898808","https://twitter.com/yuuki170/status/1788368903862898808","2024-05-09 09:42:27","23:00å¯9:00èµ·ã
10æ™‚é–“ç¡çœ  https://twitter.com/yuuki26/status/1788368707552411972"
"1788121383744246192","https://twitter.com/yuuki170/status/1788121383744246192","2024-05-08 17:18:54","å¯†è”µ
ã“ã‚Œã¯å…ƒç´ çˆ†ç™ºã§å€’ã›ãŸã€‚
è‰å…ƒç´ ã€ãƒªãƒãƒƒãƒˆå®Ÿè£…ã§ç°¡å˜ã«ãªã£ãŸã®ã‹â€¦ï¼Ÿ https://twitter.com/yuuki26/status/1788109636119531542"
"1785772102123221000","https://twitter.com/yuuki170/status/1785772102123221000","2024-05-02 05:43:41","æ˜¨æ—¥ã¯UFO ãƒãƒƒã‚¯ãƒ³ãƒŸãƒ§ãƒ³ ç”˜è¾›ã‚«ãƒ«ãƒœã‚’é£Ÿã¹ã¾ã—ãŸã€‚ãƒ•ãƒ„ãƒ¼ã ã£ãŸæ°—ã™ã‚‹ã€‚

ãƒšãƒ¤ãƒ³ã‚°ç„æ¿€è¾›(not Final)ãã£ã¦ã‹ã‚‰ãªã‚“ã‹å¹³æ°—ãªã£ãŸã€‚ã‚«ãƒƒãƒ—ç„¼ããã°ã¯ãŠæ¹¯å…¥ã‚Œã¦å®Œæˆã˜ã‚ƒãªã„ã‹ã‚‰ã‚ã‚“ã©ã„ãªã‚¡ https://twitter.com/yuuki26/status/1785771387702886738"
"1785746531372707932","https://twitter.com/yuuki170/status/1785746531372707932","2024-05-02 04:02:05","ã©ã†ã‚‚ å¤©ç©¹ã®è°·ã‚’Lv17ã§ã‚¯ãƒªã‚¢ã—ãŸè€…ã§ã™
1ãƒ¶æœˆã®é€²æ—ã¾ã¨ã‚ã¾ã—ãŸ

ãƒ¢ãƒ³ãƒ‰ãƒ»ç’ƒæœˆã®ã¿ã§ã‚„ã£ã¦ã‚‹
(é¢¨ãƒ»å²©ã‚¨ãƒªã‚¢)
ä»»å‹™ç„¡è¦–ã—ã¦è¡Œã‘ã‚‹ã¨ã“è¡Œã£ã¦ã¿ãŸãã‚“ãªã¨ã“ https://twitter.com/yuuki26/status/1785745646760439895"
"1784512685234950593","https://twitter.com/yuuki170/status/1784512685234950593","2024-04-28 18:19:13","@no_tl
å‹é”å‹Ÿé›†
#ä¸ç™»æ ¡ã•ã‚“ã¨ç¹‹ãŒã‚ŠãŸã„ #é«˜èªç”Ÿã¨ç¹‹ãŒã‚ŠãŸã„ #é«˜èª #é«˜å’èªå®š #ã‚¢ãƒ³ã‚¹ã‚¯ãƒ¼ãƒªãƒ³ã‚° https://twitter.com/yuuki170/status/1784512685234950593/photo/1"
"1784270441777156298","https://twitter.com/yuuki170/status/1784270441777156298","2024-04-28 02:16:38","å¤©ç©¹ã®è°· å— 3éš
æœ€åˆã®20ç§’ã¯ä½•ã‚‚ã—ãªã„ã€‚ã‚¢ãƒ“ã‚¹ãŒãƒ¯ãƒ¼ãƒ—ã—ãŸã‚‰ç·æ”»æ’ƒé–‹å§‹ã€‚

æ™‚é–“åˆ¶é™æŒ‘æˆ¦ãªã®ã«ä½•ã‚‚ã—ãªã„é©šãã¹ãã‚¢ã‚¤ãƒ‡ã‚¢ã€‚å¹³æˆã®åå‹è² ã ã¨æ€ã†ã€‚ https://twitter.com/yuuki26/status/1784268143948669140"
"1783496064659869794","https://twitter.com/yuuki170/status/1783496064659869794","2024-04-25 22:59:32","å¤©ç©¹ã®è°· å— 2éš
20ç§’ã§æ•µã‚’éƒ¨å±‹ã®éš…ã«é›†ã‚ã‚Œã°å‹ã¡ã€‚

ãƒãƒ«ãƒã§ããªããªã‚‹ã‹ã‚‰è¡Œã‹ãªã„æ–¹ã„ã„ã€‚ https://twitter.com/yuuki26/status/1783493311652884985"
"1780744474290950469","https://twitter.com/yuuki170/status/1780744474290950469","2024-04-18 08:45:41","ã‚¢ã‚«ã‚¦ãƒ³ãƒˆä½œã£ã¦ã‹ã‚‰é‡‘ãƒ»ã‚¢ã‚¤ãƒ†ãƒ ä¸€åˆ‡ä½¿ã£ã¦ãªã„ã€‚
(ãƒ©ãƒ³ã‚¯25ã€ä¸–ç•Œãƒ©ãƒ³ã‚¯1ã€çµŒé¨“å€¤15000ã€500ä¸‡ãƒ¢ãƒ©)
æˆ¦é—˜ã ã‘ã§å…¨å“¡Lv20ã«ã—ãŸã„ã€‚ https://twitter.com/yuuki26/status/1780744113274470665"
"1780730661499969698","https://twitter.com/yuuki170/status/1780730661499969698","2024-04-18 07:50:48","ä»Šã®æ§‹ç¯‰ã€‚
Genshin Optimizerã¨ã„ã†ãƒ„ãƒ¼ãƒ«ã§è¨ˆç®—ã—ãŸãŒã‚ˆãã‚ã‹ã‚‰ãªã‹ã£ãŸã€‚
(ã“ã®ç”»åƒã¯Artifacterã¨ã„ã†ãƒ„ãƒ¼ãƒ«ã§ç”Ÿæˆã€‚) https://twitter.com/yuuki170/status/1780730661499969698/photo/1 https://twitter.com/yuuki26/status/1780728592319524899"
"1780707465119809891","https://twitter.com/yuuki170/status/1780707465119809891","2024-04-18 06:18:38","æ­¦å™¨ã¯ã“ã‚ŒãŒã„ã„ã£ã½ã„ã€‚çœŸç›¸ã¯ä¸æ˜ã€‚

æš—é‰„å‰£ã€é­”å°ç·’è«–ã€ã‚·ãƒ£ãƒ¼ãƒ—ã‚·ãƒ¥ãƒ¼ã‚¿ãƒ¼ã€
ç¬›ã®å‰£ã€é¾æ®ºã—ã®è‹±å‚‘è­šã€ç‰¹ç´šã®å®ç‰ã€
ç™½é‰„ã®å¤§å‰£ https://twitter.com/yuuki26/status/1780706743615730127"
"1780694242085769597","https://twitter.com/yuuki170/status/1780694242085769597","2024-04-18 05:26:05","ç‹‚é¢¨ã®ã‚³ã‚¢ã‚’ã‚¢ãƒ³ãƒãƒ¼ã®å¼“ä¸€æœ¬ã§å€’ã™
â‘ çªé€²ã¯ãƒ€ãƒƒã‚·ãƒ¥ã§é¿ã‘ã‚‹
â‘¡æ”»æ’ƒã—ç¶šã‘ã‚Œã°æ”»æ’ƒã—ã¦ã“ãªã„ https://twitter.com/yuuki26/status/1780693394135892244"
"1780209431273443390","https://twitter.com/yuuki170/status/1780209431273443390","2024-04-16 21:19:37","@no_tl
#ä¸ç™»æ ¡ã•ã‚“ã¨ç¹‹ãŒã‚ŠãŸã„ #é«˜èªç”Ÿã¨ç¹‹ãŒã‚ŠãŸã„ #é«˜èª #é«˜å’èªå®š #ã‚¢ãƒ³ã‚¹ã‚¯ãƒ¼ãƒªãƒ³ã‚° https://twitter.com/yuuki170/status/1759227961943982364"
"1779050570596409354","https://twitter.com/yuuki170/status/1779050570596409354","2024-04-13 16:34:43","ã“ã®ã‚²ãƒ¼ãƒ ã¯ã‚¢ã‚¤ãƒ†ãƒ é›†ã‚ã‚²ãƒ¼ãƒ ã¨ã—ã¦ã‚„ã‚‹ã¨é¢ç™½ã„ã“ã¨ã«æ°—ã¥ã„ãŸã€‚
ãƒŸãƒƒã‚·ãƒ§ãƒ³ã¯ç„¡è¦–ã€‚

4é€£æ’ƒãªã‚“ã ãŒã€3é€£+ãƒ€ãƒƒã‚·ãƒ¥ã§4é€£ç›®ã‚’å‡ºã•ãªã„æ–¹ãŒé€Ÿã„ã‚‰ã—ã„ã€‚ https://twitter.com/yuuki26/status/1779049799960166910"
"1776700842550477311","https://twitter.com/yuuki170/status/1776700842550477311","2024-04-07 04:57:45","åˆè¦‹ãƒ—ãƒ¬ã‚¤
ç„¡äººå³¶ã‚’è¦‹ã¤ã‘ãŸã€‚
ãƒ©ãƒ”ãƒ¥ã‚¿ãƒ­ãƒœãƒƒãƒˆã‚ã£ã¦ã¤ã£ã¤ã„ã¦ãŸã‚‰1ä½“ãŒå‹•ãå‡ºã—ãŸã€‚
ãƒªã‚µã¨å‡å…‰(å¼•ã„ãŸ)ã¯æ­»ã‚“ã ã€‚

ã‚„ã‚Šç›´ãã†ã‹ãªâ€¦ã¨æ€ã£ãŸã‘ã©
å‘½ã¯ä¸€ã¤ã—ã‹ãªã„ã‹ã‚‰é ‘å¼µã‚Œã‚‹ https://twitter.com/yuuki26/status/1776699386451698032"
"1774901293758533670","https://twitter.com/yuuki170/status/1774901293758533670","2024-04-02 05:46:59","åˆè¦‹ãƒ—ãƒ¬ã‚¤
ã€Œæµ®ç‰ã®ç£ç‹ã€
ä¸²ç„¼ãã‚’100æœ¬æŒã£ã¦ã£ã¦å›å¾©ã—ã¾ãã‚Œã°ã©ã‚“ãªæ•µã«ã‚‚è² ã‘ãªã„ã¨æ€ã†ã€‚
æ°·å…ƒç´ ä½¿ãˆã°ã‚ˆã‹ã£ãŸã£ã½ã„ https://twitter.com/yuuki26/status/1774900108477510015"
"1774848248546779443","https://twitter.com/yuuki170/status/1774848248546779443","2024-04-02 02:16:12","åŸç¥ã£ã¦ã‚²ãƒ¼ãƒ„å§‹ã‚ãŸã€‚
RPGã€‚æˆ¦é—˜ç³»ã€‚
ä¸–ç•ŒãŒã‚ã¡ã‚ƒãã¡ã‚ƒåºƒãã¦ã‚ã¡ã‚ƒãã¡ã‚ƒæ™‚é–“å–ã‚‰ã‚Œã‚‹ã€‚

åˆã‚ã¦ã€Œã‚²ãƒ¼ãƒ ã€ã‚’ã‚„ã£ãŸæ„Ÿã˜ã™ã‚‹ã€‚
ä»Šã¾ã§ã‚½ãƒªãƒ†ã‚£ã‚¢ã¨ã‹ã—ã‹ã‚„ã£ãŸã“ã¨ãªã‹ã£ãŸã€‚ https://twitter.com/yuuki26/status/1774847864725983338"
"1774827832570744921","https://twitter.com/yuuki170/status/1774827832570744921","2024-04-02 00:55:04","ãªã®ã§ç¾å¦®ã®éƒ¨åˆ†ã¯è‡ªç”±ã«å¤‰ãˆã‚‰ã‚Œã‚‹ã€‚
ã‚‚ã£ã¨æ—¥æœ¬äººãŒèª­ã‚ãªã„æ¼¢å­—ãŒã„ã„ã€‚ https://twitter.com/yuuki26/status/1774827506954023384"
"1774824822620700841","https://twitter.com/yuuki170/status/1774824822620700841","2024-04-02 00:43:07","ä¸­å›½ã€éŸ“å›½ã§ã¯ã‚¤ãƒ³ã‚°ãƒªãƒƒã‚·ãƒ¥ãƒãƒ¼ãƒ ã£ã¦ã®ãŒã‚ã‚Š
è‹±èªåœã§ä½¿ã†åå‰ã‚’æ±ºã‚ã‚‹
ã€Œãƒãƒ£ãƒ³ã€ã£ã¦åå­—ã®äººã§è‹±èªåãƒŸãƒ‹ãƒ¼ãƒãƒ£ãƒ³ã£ã¦äººãŒã„ã‚‹ https://twitter.com/yuuki26/status/1774824411629015211"
"1774809691367067982","https://twitter.com/yuuki170/status/1774809691367067982","2024-04-01 23:42:59","ã‚†ã†ãã®éŸ“å›½èªå
ê¹€ ìœ í¬
(ã‚­ãƒ ãƒ»ãƒ¦ãƒ’)
ãªã‚“ã ãŒ

ä¸­å›½èªåã¯
é™ˆ ç¾å¦®
(ãƒãƒ£ãƒ³ãƒ»ãƒŸãƒ‹ãƒ¼)
ã«ã—ã‚ˆã†ã‹ã¨æ€ã†ã€‚ https://twitter.com/yuuki26/status/1774809070731473189"
"1774465249166643590","https://twitter.com/yuuki170/status/1774465249166643590","2024-04-01 00:54:18","ChatGPTã¨ã®ä¼šè©±ã‚’å…¬é–‹ã™ã‚‹ã“ã¨ã«ã—ãŸã€‚
GPT-3.5(ç„¡æ–™)ã€ã‚«ã‚¹ã‚¿ãƒ ãªã— https://twitter.com/yuuki26/status/1774465152953278905"
"1772969376360104339","https://twitter.com/yuuki170/status/1772969376360104339","2024-03-27 21:50:14","ã‚†ã†ããŒãƒˆãƒ¼æ¨ªè¡Œã£ãŸæ™‚ã®æ˜ åƒã€‚
æ±äº¬æ¨ªä¸ã‚’ä¸€åˆ‡çŸ¥ã‚‰ãªãã¦
å®¶ã«å¸°ã£ã¦ã‹ã‚‰ã€Œã‚ã‚ŒãŒãƒˆãƒ¼æ¨ªã ã£ãŸã‚“ã â€¦ã€ã£ã¦ã€‚
èª°ã‚‚ã„ãªã‹ã£ãŸ https://twitter.com/yuuki26/status/1772967920294937047"
"1772950756754174029","https://twitter.com/yuuki170/status/1772950756754174029","2024-03-27 20:36:14","æ–°ã—ã„ãƒ•ã‚©ãƒ­ãƒ¯ãƒ¼ã«æ”¹ã‚ã¦ç§ã®æ˜ åƒã”ç´¹ä»‹ã—ãŸã„ã¨æ€ã† https://twitter.com/yuuki26/status/1772948250611384329"
"1772404542950248475","https://twitter.com/yuuki170/status/1772404542950248475","2024-03-26 08:25:47","ä¸€ç•³ã—ã‹ãªã„éƒ¨å±‹ã‚’ã€Œã‚†ã†ãç ”ç©¶å®¤ã€ã«ã—ã¦ã„ãŸã€‚
ãŸã‚“ã½ã½ã‚’å–ã£ã¦ãã¦ã‚³ãƒƒãƒ—ã«æ°´ã‚’å…¥ã‚Œã¦è‚²ã¦ã¦ã„ãŸã€‚

ä¸€å¿œãã‚ŒãŒã‚¦ã‚£ã‚­ãƒ³ãƒ€ãƒ¼ã®å‰èº«ã«ãªã£ã¦ã‚‹ã€‚ https://twitter.com/yuuki26/status/1772404039650627659"
"1772395129304740174","https://twitter.com/yuuki170/status/1772395129304740174","2024-03-26 07:48:22","ç§ã®åˆã‚ã¦ã®ç ”ç©¶
PCã«éƒ¨é¦–ä¸€è¦§ã¨ã„ã†ã‚‚ã®ãŒã‚ã£ã¦
æœ€ã‚‚ç”»æ•°ã®å¤šã„éƒ¨é¦–ãŒã€Œé¾ ã€ã§
ãã®èª­ã¿ãŒã€Œã‚„ãã€ã§ã‚ã‚‹ã“ã¨ã‚’é©å½“ã«å¤‰æ›ã—ã¦çªãæ­¢ã‚ãŸã€‚

æ™‚è¨ˆã‚’è¦‹ãŸã‚‰21æ™‚ã§
æœ€é«˜å¤œæ›´ã‹ã—è¨˜éŒ²ã§ã‚ã£ãŸã€‚
1998å¹´ã€4æ­³ä»¥å‰ã ã¨æ€ã†ã€‚ https://twitter.com/yuuki26/status/1772393893750784322"
"1771804886381769030","https://twitter.com/yuuki170/status/1771804886381769030","2024-03-24 16:42:58","https://twitter.com/yuuki170/status/1771802740181565835 https://twitter.com/yuuki170/status/1771775735293677743"
"1771802740181565835","https://twitter.com/yuuki170/status/1771802740181565835","2024-03-24 16:34:26","@no_tl
è§£ç­”
å‘¨ã®é•·ã•ã‚’Pã¨ã™ã‚‹ã¨ã€ãã‚Œãã‚Œã®å›³å½¢ã®é¢ç©ã¯
â€¢ å†† PÂ²/4Ï€
â€¢ æ­£ä¸‰è§’å½¢ âˆš3 PÂ²/36
â€¢ æ­£æ–¹å½¢ PÂ²/16
ã¨ãªã‚‹ã€‚
ãªã®ã§ã€Œå›³å½¢ã®å¤–å´ã®é ˜åŸŸã€ãŒæœ€å¤§ã€‚é¢ç©ã¯ç„¡é™å¤§ã€‚ https://twitter.com/yuuki26/status/1771796115479749078"
"1771775735293677743","https://twitter.com/yuuki170/status/1771775735293677743","2024-03-24 14:47:07","ã‚†ã†ããŒä½œã£ãŸæ•°å­¦ã®å•é¡Œã€‚
èª°ã‚‚ã‚ã‹ã‚‰ãªã„ã¨æ€ã†ã€‚
ã‚ã‹ã£ãŸã‚‰IQ200ã€‚ç§ã¯ã‚ã‹ã‚‰ãªã‹ã£ãŸã€‚
è§£ç­”å¼•ãƒªãƒ„æ¬„ã€‚

é¢ç©ãŒä¸€ç•ªå¤§ãã„ã®ã¯ã©ã‚Œï¼Ÿ
â€»å‘¨ã®é•·ã•ã¯ã™ã¹ã¦ç­‰ã—ã„
â€»å††ã€æ­£ä¸‰è§’å½¢ã€æ­£æ–¹å½¢ https://twitter.com/yuuki26/status/1771774122164453821"
"1771693541556679146","https://twitter.com/yuuki170/status/1771693541556679146","2024-03-24 09:20:31","å…¨ç„¶é•ã£ãŸã‘ã©çµæ§‹è¿‘ã‹ã£ãŸã‚

21å·»ã€Œæœªæ¥ã®ç”ºã«ãŸã ä¸€äººã€
https://twitter.com/yuuki26/status/1771692832127918321"
"1771641700592599075","https://twitter.com/yuuki170/status/1771641700592599075","2024-03-24 05:54:31","2000å¹´å¾Œã«ã¯è£¸ã§æ­©ã‘ã‚‹ã‚ˆã†ã«ãªã‚‹ã¨æ€ã†ã€‚
ä¸€äººã«ä¸€ã¤ã®è¡—ãŒç”Ÿæˆã•ã‚Œã‚‹ã‹ã‚‰ã€‚

ãƒ‰ãƒ©ãˆã‚‚ã‚“ã®22ä¸–ç´€ã‚‚ãã‚“ãªã‚“ãªã‹ã£ãŸã£ã‘ï¼Ÿã‚»ãƒ¯ã‚·ã«é€£ã‚Œã‚‰ã‚Œã¦è¡Œã£ãŸã‚‰èª°ã‚‚ã„ãªã„ã¿ãŸã„ãª https://twitter.com/yuuki26/status/1771640859982794759"
"1771627465108025484","https://twitter.com/yuuki170/status/1771627465108025484","2024-03-24 04:57:57","2040å¹´ã«ã¯æµ®æ°—OKã®é–¢ä¿‚ãŒèªçŸ¥ã•ã‚Œã‚‹ã¨æ€ã†
ãƒãƒªã‚¢ãƒ¢ãƒªãƒ¼ã€ã‚ªãƒ¼ãƒ—ãƒ³ãƒªãƒ¬ãƒ¼ã‚·ãƒ§ãƒ³ã‚·ãƒƒãƒ—ã£ã¦ã‚„ã¤

ç§ã¯2008å¹´ã€14ã®æ™‚ã‹ã‚‰çŸ¥ã£ã¦ãŸã€‚Facebookã®å…¥åŠ›æ¬„ã«In an open relationshipã£ã¦ã‚ã£ãŸã‹ã‚‰ https://twitter.com/yuuki26/status/1771626907882119638"
"1770976902876151930","https://twitter.com/yuuki170/status/1770976902876151930","2024-03-22 09:52:51","ã“ã®ã—ã‚ãã¾é£¼ã„ãŸã„ã‘ã©
å…¨é•·18cmã§ã‚ã£ã¡ã‚ƒã¡ã£ã¡ã‚ƒã„ã€‚

ã‚†ã†ãã®ãã¾ã¯60cmã€‚ https://twitter.com/yuuki26/status/1770976376880857215"
"1770966964334379037","https://twitter.com/yuuki170/status/1770966964334379037","2024-03-22 09:13:21","ğŸ»â€â„ï¸ã€ŒãŠã†ã€
ğŸ§¸ã€Œãªã‚“ã ãŠã¾ãˆã¯(ï¾Šï¾ï½¼ï½¯ã€ https://twitter.com/yuuki26/status/1770966049275416592"
"1770526396345184518","https://twitter.com/yuuki170/status/1770526396345184518","2024-03-21 04:02:42","@no_tl
#ä¸ç™»æ ¡ã•ã‚“ã¨ç¹‹ãŒã‚ŠãŸã„ #é«˜èªç”Ÿã¨ç¹‹ãŒã‚ŠãŸã„ #é«˜èª #é«˜å’èªå®š #ã‚¢ãƒ³ã‚¹ã‚¯ãƒ¼ãƒªãƒ³ã‚° https://twitter.com/yuuki170/status/1759227961943982364"
"1770444015030485256","https://twitter.com/yuuki170/status/1770444015030485256","2024-03-20 22:35:21","26ä¸‡è²·ã£ãŸã€‚15ã‚¤ãƒ³ãƒM3 MBA https://twitter.com/yuuki26/status/1770443143227281424"
"1770149922274251154","https://twitter.com/yuuki170/status/1770149922274251154","2024-03-20 03:06:43","ã„ã‚„é€Ÿæˆã‚«ãƒƒãƒ—ã£ã¦ãã®æ™‚å–ã£ãŸã‚„ã¤ã—ã‹å‡ºã‚Œãªã‹ã£ãŸã€‚ https://twitter.com/yuuki26/status/1770149298262425883"
"1770146088793911351","https://twitter.com/yuuki170/status/1770146088793911351","2024-03-20 02:51:29","é€Ÿæˆã‚«ãƒƒãƒ—ã£ã¦ã®ã«ãƒ‰ãƒ¼ãƒ–ãƒ«å‡ºã‚ŒãŸã‚“ã ã£ã¦ã€‚å…¨ç„¶çŸ¥ã‚‰ã‚“ã€‚ãã“ã§ã‚‚ãƒ­ãƒƒã‚¯ã‚ªãƒ³/ãƒ•ãƒ©ã‚¤ãƒ³ã‚°ãƒ—ãƒ¬ã‚¹å¼·ã‹ã£ãŸã£ã¦ã‚ˆã‹ã£ãŸ https://twitter.com/yuuki26/status/1770145575742177417"
"1770138695955251457","https://twitter.com/yuuki170/status/1770138695955251457","2024-03-20 02:22:07","ã‚„ã£ã¨å‡ºãŸã€‚2å¹´ã‹ã‹ã‚Šã€‚

ãƒ‰ãƒ¼ãƒ–ãƒ«100ãŒæœ‰ç”¨ã«ãªã‚‹å¯èƒ½æ€§ãŒæœ€ã‚‚é«˜ã„ã®ã¯ãƒ‰ãƒ¼ãƒ–ãƒ«ã‚«ãƒƒãƒ—(ãŒã‚ã£ãŸå ´åˆ)ãªã‚“ã˜ã‚ƒãªã„ã‹ã¨æ€ã„ã€‚
ãã“ã§ã¯ã“ã®æŠ€ãŒæœ€é©ã¨æ€ã£ã¦æ¯æ—¥ãƒ‰ãƒ¼ãƒ–ãƒ«ã‚’æ’®å½±ã—ã¦ã‚³ãƒ”ãƒ¼ã—ã¦ãŸã€‚ https://twitter.com/yuuki26/status/1770137776425406949"
"1767928740242403336","https://twitter.com/yuuki170/status/1767928740242403336","2024-03-14 00:00:32","TikTokã®8ç§’ã®éŸ³æ¥½ãŒä¸€ç•ªã„ã„ã€‚TikTokã§èãã¨ãªã‚“ã§ã‚‚è‰¯ãèã“ãˆã‚‹ https://twitter.com/yuuki26/status/1767928283398574414"
"1767926017396740407","https://twitter.com/yuuki170/status/1767926017396740407","2024-03-13 23:49:43","ãƒ‰ãƒªãƒ¼ãƒ ã‚¨ãƒ³ã‚¸ãƒ³ã‚‚ã„ã„ã‘ã©æ˜¨æ—¥ãƒãƒã£ãŸã®ã¯ã“ã®ã‚«ã‚¹ã‚¿ãƒ ãƒ©ãƒ–ãƒ‰ãƒ¼ãƒ«ï¼Ÿã¨ã‹ã„ã†ã‚„ã¤æœ€åˆã®11ç§’ãŒã„ã„ã¨æ€ã† https://twitter.com/yuuki26/status/1767925330117804117"
"1767899111842541672","https://twitter.com/yuuki170/status/1767899111842541672","2024-03-13 22:02:48","å¯æ„›ãã¦ã”ã‚ã‚“(2022)

å¯æ„›ããªã‚ŠãŸã„(2016)ã®ç¶šç·¨ã ãªâ€¦ã¨æ€ã£ãŸã‘ã©ã‚‚ã†ã¤ã„ã¦ã‹ã‚Œã¸ã‚“ã¨æ€ã£ã¦ã‚¹ãƒ«ãƒ¼ã—ã¦ãŸã‘ã©åˆã‚ã¦è‰¯ã•ãŒåˆ†ã‹ã£ãŸ https://twitter.com/yuuki26/status/1767898140747669942"
"1767878075877109826","https://twitter.com/yuuki170/status/1767878075877109826","2024-03-13 20:39:13","ã“ã®ã‚‚ã†æ‹ã®ãƒªãƒŸãƒƒã‚¯ã‚¹ãªã‚“ã‹ã‚‚åŸæ›²ã®100å€è‰¯ã„ã€‚ https://twitter.com/yuuki26/status/1767877286064242885"
"1767865728777224360","https://twitter.com/yuuki170/status/1767865728777224360","2024-03-13 19:50:09","æœ€è¿‘TikTokã¨ã„ã†ã‚¢ãƒ—ãƒªã‚’è¦‹ã¤ã‘ã¦æ„ŸéŠ˜ã‚’å—ã‘ãŸã€‚
ã“ã‚“ãªç´ æ™´ã‚‰ã—ã„éŸ³æ¥½ãŒã‚ã‚‹ã‚“ã ..ã£ã¦

ã‚‚ã†éŸ³æ¥½èãã®ã«TikTokä»¥å¤–é–‹ãã“ã¨ãªã„ã€‚ https://twitter.com/yuuki26/status/1767864941355081845"
"1767780838702289001","https://twitter.com/yuuki170/status/1767780838702289001","2024-03-13 14:12:50","ç§ã¯1æ—¥6å€‹é£Ÿã¹ã‚‹ã“ã¨ã‚’æã‚Œã¦ãªã„ã€‚
ãŸã æœˆ180å€‹ã¯é£Ÿã¹ã‚Œã¦ãªã„ã€‚æœˆ20ãã‚‰ã„ã€‚ https://twitter.com/yuuki26/status/1767780425068405089"
"1767779231847886964","https://twitter.com/yuuki170/status/1767779231847886964","2024-03-13 14:06:27","ğŸ¥šã¯1æ—¥1å€‹ãªã‚‰å•é¡Œãªã„ã¨ã„ã†èª¬ãŒä¸€ã¤ã‚ã‚‹ã¨æ€ã†ã€‚

ç§ã¯ãƒãƒ¼ãƒãƒ¼ãƒ‰å…¬è¡†è¡›ç”Ÿå¤§å­¦é™¢ã‚’å…¨ãä¿¡ã˜ãªã„ãŒã€‚ https://twitter.com/yuuki26/status/1767777646291914785"
"1767472817510228289","https://twitter.com/yuuki170/status/1767472817510228289","2024-03-12 17:48:52","ç¬¬ä¸€ã«ã€ãã†ã„ã†æƒ…å ±ã‚’é£Ÿç”Ÿæ´»ã«åæ˜ ã•ã›ã‚‹ã®ã¯æ…é‡ã«ãªã£ãŸæ–¹ã„ã„ã¨æ€ã†ã€‚
ãƒ•ãƒ¼ãƒ‰ãƒ•ã‚¡ãƒ‡ã‚£ã‚ºãƒ ã§ã‚ªãƒ«ãƒˆãƒ¬ã‚­ã‚·ã‚¢ã«ãªã£ã¦ã—ã¾ã†ã€‚

é£Ÿã£ãŸã‚‰å³æ­»ã™ã‚‹é£Ÿå“ã¯ã‚ã‚“ã¾å£²ã£ã¦ãªã„ã‹ã¨ã€‚
å¥½ããªã‚‚ã®ã‚’å¥½ããªã ã‘é£Ÿã£ã¦æ—©æ­»ã«ã™ã‚‹ã®ã‚‚äººç”Ÿã€‚ https://twitter.com/yuuki26/status/1767470349166301356"
"1767441032147616197","https://twitter.com/yuuki170/status/1767441032147616197","2024-03-12 15:42:34","ã‚¨ãƒ“ãƒ‡ãƒ³ã‚¹ãŒã©ã†ã“ã†ã£ã¦ã®ãŒã€Œç–«å­¦ã€ã£ã¦åˆ†é‡ã ã¨æ€ã†ã€‚
ãã®æ „é¤Šå­¦ç‰ˆã¨ã„ã†æ„å‘³ã€‚ https://twitter.com/yuuki26/status/1767440329135870204"
"1767400130700058979","https://twitter.com/yuuki170/status/1767400130700058979","2024-03-12 13:00:02","ã‚†ã†ãã®æ „é¤Šç–«å­¦ã®ç ”ç©¶ã‚’ä»Šåº¦ã¾ã¨ã‚ã‚ˆã†ã¨æ€ã†ã€‚

é£Ÿäº‹ã®å¥åº·ã¯æ „é¤Šç–«å­¦ã¨å‘¼ã°ã‚Œã‚‹ã€‚
(åµã¯ä½“ã«æ‚ªã„ã®ã‹ãªã©ã€‚) https://twitter.com/yuuki26/status/1767398558477500807"
"1766793583976403320","https://twitter.com/yuuki170/status/1766793583976403320","2024-03-10 20:49:50","@no_tl
#ä¸ç™»æ ¡ã•ã‚“ã¨ç¹‹ãŒã‚ŠãŸã„ #é«˜èªç”Ÿã¨ç¹‹ãŒã‚ŠãŸã„ #é«˜èª #é«˜å’èªå®š #ã‚¢ãƒ³ã‚¹ã‚¯ãƒ¼ãƒªãƒ³ã‚° https://twitter.com/yuuki170/status/1759227961943982364"
"1766773682846966087","https://twitter.com/yuuki170/status/1766773682846966087","2024-03-10 19:30:45","ã‚¦ã‚£ã‚­ãƒ³ãƒ€ãƒ¼ã«å¤œãŒæ¥ã‚‹ã‚ˆã†ã«ãªã£ãŸã€‚ç«¯æœ«ã®ãƒ€ãƒ¼ã‚¯ãƒ¢ãƒ¼ãƒ‰ã¨é€£å‹•ã™ã‚‹ã‚ˆã†ã«ã€‚ https://twitter.com/yuuki26/status/1766772709554311274"
"1765472126608584765","https://twitter.com/yuuki170/status/1765472126608584765","2024-03-07 05:18:50","ãŠã„ ãã¾ã‚„ã‚ã† https://twitter.com/yuuki26/status/1765471491670638864"
"1764212609539285013","https://twitter.com/yuuki170/status/1764212609539285013","2024-03-03 17:53:58","èµ·ãã¾ã´ãƒ¼ã¾ã‚“7å¯17èµ·ã https://twitter.com/yuuki26/status/1764212316545949803"
"1763464347266031834","https://twitter.com/yuuki170/status/1763464347266031834","2024-03-01 16:20:38","8æœˆã€å­ã©ã‚‚ç§‘å­¦é¤¨ã§ãƒ—ãƒ©ãƒã‚¿ãƒªã‚¦ãƒ ã‚’è¦‹ãŸæ™‚ã€å¹¼ç¨šåœ’å…ãŒã€Œã¯ãã¡ã‚‡ã†åº§ï¼ã€ã¨å«ã‚“ã§ã„ãŸã€‚

å¹¼ç¨šåœ’ã®é ƒã¯ã¿ãªã€æ˜Ÿåº§ã€å›½æ——ã€æ¨™è­˜ã€ã¯ãŸã‚‰ããã‚‹ã¾ãªã©ã€æœ¬å½“ã®ç ”ç©¶ã‚’è¡Œã£ã¦ã„ã‚‹ã€‚
ç¾ä»£çš„ãªå¹¼ç¨šåœ’ã‚’å†æ§‹æˆã—ãªã‘ã‚Œã°ãªã‚‰ãªã„ã€‚ https://twitter.com/yuuki26/status/1763463779830902838"
"1763445983156093058","https://twitter.com/yuuki170/status/1763445983156093058","2024-03-01 15:07:40","ã‚¦ã‚£ã‚­ãƒ³ãƒ€ãƒ¼(ã‚¦ã‚£ã‚­å¹¼ç¨šåœ’)è¨­ç«‹ã—ãŸã€‚
ã¾ã ãƒ™ãƒ¼ã‚¿ç‰ˆã ã‹ã‚‰FFé™å®šã€‚ https://twitter.com/yuuki26/status/1763445144337150014"
"1760443574980866321","https://twitter.com/yuuki170/status/1760443574980866321","2024-02-22 08:17:10","å‰µæ¥­ã—ãŸã®ã¯4æ­³ãã‚‰ã„ã€‚
ç¶­æŒè²»ã‹ã‹ã‚‹ã‹ã‚‰ä»»æ„å›£ä½“ã€‚
ä»»æ„å›£ä½“ã§ã‚‚æ³•äººç¨ã‹ã‹ã‚‹ã‹ã‚‰éå–¶åˆ©ã«ã—ãŸã€‚ https://twitter.com/yuuki26/status/1760443258319122734"
"1760431125162525151","https://twitter.com/yuuki170/status/1760431125162525151","2024-02-22 07:27:42","å®Ÿã¯ç§ã¯ã€Œã‚†ã†ãã€ã¨ã„ã†éå–¶åˆ©ä»»æ„å›£ä½“ã‚’çµŒå–¶ã—ã¦ã‚‹ã€‚
ç§ã®ã‚µã‚¤ãƒˆã¯å›£ä½“ã®ã‚µã‚¤ãƒˆã§ã‚‚ã‚ã‚‹ã€‚

Googleã€Appleã‚’è¶…ãˆã‚‹ä¼æ¥­ä½œã‚ã†ã¨æ€ã£ã¦
Aleph(ã‚¢ãƒ¼ãƒ¬ãƒ•)ãŒã„ã„ã‹ãªã¨æ€ã£ãŸã‘ã©ã€ä¸å®Œå…¨ææ€–ã§è‡ªåˆ†ã®åå‰ä»¥å¤–ã¯ã€Œå®Œç’§ã€ã¨æ€ãˆãªã„ã€‚ https://twitter.com/yuuki26/status/1760429905433493557"
"1760200367357522108","https://twitter.com/yuuki170/status/1760200367357522108","2024-02-21 16:10:45","ã€Œç”Ÿæ´»ã€ã®ç ”ç©¶ã‚’ã¾ã¨ã‚ãŸã€‚
é£Ÿäº‹ã¯å…¨éƒ¨ç”Ÿæ´»ã ã‘ã©ã€Œé£Ÿäº‹ã€ã¨ã„ã†ã‚«ãƒ†ã‚´ãƒªãƒ¼ã«ã—ãŸã€‚ https://twitter.com/yuuki26/status/1760198758619595203"
"1759616709487722698","https://twitter.com/yuuki170/status/1759616709487722698","2024-02-20 01:31:30","ç§ã¯æ¯æœã‚Šã‚“ã”ã‚’çš®ã”ã¨ä¸¸ã‹ã˜ã‚Šã—ã¦ã‚‹ã€‚
åˆ‡ã‚‰ãªã„ã¨ã„ã‘ãªã„ãªã‚‰æœç‰©ã¯é£Ÿã¹ã‚Œãªã„ã€‚
ãƒ™ãƒãƒ•ã‚£ãƒƒãƒˆã¨ãƒªã‚¹ã‚¯ã¯ä¸æ˜ã€‚
ä½†ã—ã€ç¨®ã¯é£Ÿã¹ã¦ã¯ã„ã‘ãªã„ã€‚
ã‚ãã«é£Ÿã„ã‚‚ã—ãªã„ã§ã‚‚ã®ã‚’ã„ã£ã¦ã„ã‚‹ã‚‚ã®ãŒå¤šã„ã‘ã©ã€é£Ÿã¹ãŸç¬é–“ã«ã†â—ã“ãŒæ¼ã‚Œã‚‹ã€‚ https://twitter.com/yuuki26/status/1759614140476191172"
"1759404073311514687","https://twitter.com/yuuki170/status/1759404073311514687","2024-02-19 11:26:33","ç§ã¯ãƒ¨ãƒ¼ã‚°ãƒ«ãƒˆå¤§å«Œã„ã€‚ã‚®ãƒªã‚·ãƒ£ãƒ¨ãƒ¼ã‚°ãƒ«ãƒˆã¨ã„ã†ã‚‚ã®ã‚’çŸ¥ã£ã¦å¥½ãã«ãªã£ãŸã€‚ã‚‚ã†4å¹´ç›®ã«ãªã‚‹ã€‚ https://twitter.com/yuuki26/status/1759402881382265270"
"1759368460096958747","https://twitter.com/yuuki170/status/1759368460096958747","2024-02-19 09:05:03","ç§ã¯æ¯æœã“ã®ã‚¢ãƒ©ãƒ© ã‚¯ãƒ©ãƒ³ãƒ ãƒ•ãƒ«ãƒ¼ãƒ„&amp;ãƒŠãƒƒãƒ„ ãƒŸãƒ¥ãƒ¼ã‚ºãƒªãƒ¼ã‚’é£Ÿã¹ã¦ã„ã‚‹ã€‚
ã“ã‚Œã¯éå¸¸ã«ã¾ãšã„ãŒå¥åº·ã®ãŸã‚ã€‚ https://twitter.com/yuuki26/status/1759366361833251177"
"1759335655984005410","https://twitter.com/yuuki170/status/1759335655984005410","2024-02-19 06:54:41","ç§ã¯æ¯æœè³å‘³æœŸé™1ãƒ¶æœˆåˆ‡ã‚Œã®ãƒ¨ãƒ¼ã‚°ãƒ«ãƒˆã‚’é£Ÿã¹ã¦ã„ã‚‹ã€‚

ã“ã®ã‚ˆã†ã«æ¨ªã«å€’ã—ã¦ãŠãã¨ä¹³æ¸…ãŒå‡ºã¦ã€ä¹³æ¸…ã‚’æ¨ã¦ã¦é£Ÿã¹ã‚‹ã¨å›ºãã¦ç¾å‘³ã—ã„(ç§ã¯é£²ã‚“ã§ã„ã‚‹)ã€‚
ä½†ã—ã€ãƒˆãƒƒãƒ—ãƒãƒªãƒ¥ã®ãƒ¨ãƒ¼ã‚°ãƒ«ãƒˆã ã¨æ¼ã‚Œã‚‹ã®ã§ã€è¢‹ã«å…¥ã‚Œã‚‹å¿…è¦ã‚ã‚‹ã€‚ https://twitter.com/yuuki26/status/1759331134830207381"
"1759227961943982364","https://twitter.com/yuuki170/status/1759227961943982364","2024-02-18 23:46:45","@no_tl
å‹é”å‹Ÿé›†
#ä¸ç™»æ ¡ã•ã‚“ã¨ç¹‹ãŒã‚ŠãŸã„ #é«˜èªç”Ÿã¨ç¹‹ãŒã‚ŠãŸã„ #é«˜èª #é«˜å’èªå®š #ã‚¢ãƒ³ã‚¹ã‚¯ãƒ¼ãƒªãƒ³ã‚° https://twitter.com/yuuki170/status/1759227961943982364/photo/1"
"1759218675394208079","https://twitter.com/yuuki170/status/1759218675394208079","2024-02-18 23:09:51","å„ªå¢ƒå­¦(ç”Ÿæ´»æ”¹å–„å­¦)ã€å®¶æ”¿å­¦(å®¶æ—ãƒ»æ¶ˆè²»è€…ç§‘å­¦)ã€ç”Ÿæ´»ç§‘å­¦ã¨ã„ã†è¨€ã„æ–¹ã‚‚ã‚ã‚‹ã‘ã©ã€‚ã€Œç”Ÿæ´»ã€ãŒä¸€ç•ªã‚·ãƒ³ãƒ—ãƒ«ã€‚
https://twitter.com/yuuki26/status/1759217872457572379"
"1759213642091024576","https://twitter.com/yuuki170/status/1759213642091024576","2024-02-18 22:49:51","ç©ºãç¼¶æ½°ã—å™¨ã‚’è²·ã£ãŸã‚Šã€æ•ã‚’åŸå‘³ã—ãŸã‚Šã™ã‚‹å­¦å•
ã€Œç”Ÿæ´»ã€ã ã£ãŸã€‚
ä¸€èˆ¬çš„ã«ã¯ã€ŒQOLå‘ä¸Šã€ã¨å‘¼ã°ã‚Œã‚‹ã‘ã©ã€‚

ã€Œç”Ÿæ´»å­¦ã€ã¨ã¯ã‚ã‚“ã¾è¨€ã‚ãªã„ã‘ã©ã€‚
ãã†å‘¼ã¶ã¹ãã‚‚ã®ã€‚ https://twitter.com/yuuki26/status/1759213015910486461"
"1759001606643986715","https://twitter.com/yuuki170/status/1759001606643986715","2024-02-18 08:47:18","å¯¾è«‡ã‚’è£…ã£ã¦è‡ªåˆ†ã®è€ƒãˆã‚’æ›¸ãå ´ã¨ã—ã¦ä½¿ã†ã€‚
ã¨ã„ã†ã‚¢ã‚¤ãƒ‡ã‚¢ã€‚
GPTã®è¿”ç­”ã¯ã©ã†ã§ã‚‚ã„ã„ã€‚

ä»Šã¾ã§ã‚ã‚“ã¾äººã«ç™ºè¡¨ã§ããªã‹ã£ãŸã‚ˆã†ãªã“ã¨ã‚‚æ›¸ã‘ã‚‹ã€‚
Twitterä»¥æ¥ã®ãƒ‘ãƒ©ãƒ€ã‚¤ãƒ ã‚·ãƒ•ãƒˆã‹ã‚‚ã€‚
IQ50ä¸ŠãŒã£ãŸã‹ã‚‚ã—ã‚Œã‚“ https://twitter.com/yuuki26/status/1758998240941273424"
"1758976166625685531","https://twitter.com/yuuki170/status/1758976166625685531","2024-02-18 07:06:12","ã‚µã‚¤ãƒˆä½œã‚Šã«ã¤ã„ã¦ã®ChatGPTã¨ã®ä¼šè©±ã€‚
ä»Šå¾Œå…¨éƒ¨ã®ãƒ—ãƒ­ã‚¸ã‚§ã‚¯ãƒˆã«ChatGPTã¨ã®ä¼šè©±ã‚’è²¼ã‚‹ã€‚ https://twitter.com/yuuki26/status/1758973737402007906"
"1758211219180437632","https://twitter.com/yuuki170/status/1758211219180437632","2024-02-16 04:26:35","Twitterã¯1ç§’ã«1å›ãƒ„ã‚¤ãƒ¼ãƒˆã™ã‚‹å ´ã ã‘ã©
GPTã¯0.1ç§’ã«1å›æ›¸ã‘ã‚‹å ´ã‹ã‚‚ã€‚ https://twitter.com/yuuki26/status/1758210914224898518"
"1758206467851894870","https://twitter.com/yuuki170/status/1758206467851894870","2024-02-16 04:07:42","ã‚“ãƒ¼â€¦â€¦ã‚‚ã—ã‹ã—ãŸã‚‰ChatGPTã¯Twitterã«ä¸¦ã¶ã€ç¬¬äºŒã®ã€Œæ€è€ƒå ´æ‰€ã€ã«ãªã‚‹ã‹ã‚‚ã€‚

è‹±æ–‡ã‚’ç·´ã£ã¦ã‚‹ã‘ã©ã€‚
ã—ã‹ã‚‚è¿”ç­”ã—ã¦ãã‚Œã‚‹ã€‚ https://twitter.com/yuuki26/status/1758205916502020345"
"1758094867669176490","https://twitter.com/yuuki170/status/1758094867669176490","2024-02-15 20:44:14","ãƒ‡ã‚£ã‚¢ãƒ«ã‚¬ã«ã—ãŸã€‚ã©ã£ã¡ã‚‚ã„ã‚‰ã‚“ã‘ã©ãƒãƒ³ã‚®ãƒ©ã‚¹ã®é£´æ¬²ã—ã„ã‹ã‚‰ã€‚ https://twitter.com/yuuki26/status/1758094702237122994"
"1756481528106987545","https://twitter.com/yuuki170/status/1756481528106987545","2024-02-11 09:53:24","Vision Proã®å ±é“è¦‹ãŸã‘ã©
0æ­³ã‹ã‚‰24æ™‚é–“ã‚´ãƒ¼ã‚°ãƒ«ã—ã¦ãªã„å¥´ã¯çµ‚ã‚ã£ã¦ã‚‹æ™‚ä»£ã«ãªã‚‹ã¨æ€ã†ã€‚

ç§ã¯4æ­³ã‹ã‚‰24æ™‚é–“PCè¦‹ã¤ã‚ã£ã±ãªã—ç”Ÿæ´»ã§ä»Šã®è„³ã‚’æ‰‹ã«å…¥ã‚ŒãŸã€‚
ã‚†ã†ãã‚’è¶…ãˆã‚‹å­ã¯ã‚´ãƒ¼ã‚°ãƒ«ãƒã‚¤ãƒ†ã‚£ãƒ–ä¸–ä»£ã‹ã‚‰å‡ºã‚‹ã‹ã‚‚ https://twitter.com/yuuki26/status/1756480781751328808"
"1755858653327048785","https://twitter.com/yuuki170/status/1755858653327048785","2024-02-09 16:38:19","å®Ÿç‰©ã¨å¤‰ã‚ã‚‰ã‚“ç”³ã—è¨³ãªã„ https://twitter.com/yuuki26/status/1755857794056470949"
"1755858256613007449","https://twitter.com/yuuki170/status/1755858256613007449","2024-02-09 16:36:45","ã‚†ã†ãã®è‡ªç”»åƒã€‚
ä»Šã•ã•ã£ã¨æã„ãŸã€‚
ã“ã„ã¤ãŒãƒ„ã‚¤ãƒ¼ãƒˆã—ã¦ã‚‹ã¨æ€ã£ã¦é ‚ããŸã„ã€‚ https://twitter.com/yuuki26/status/1755854948762255721"
"1755839966519930916","https://twitter.com/yuuki170/status/1755839966519930916","2024-02-09 15:24:04","@no_TL
#ä¸ç™»æ ¡ã•ã‚“ã¨ç¹‹ãŒã‚ŠãŸã„ #é«˜èªç”Ÿã¨ç¹‹ãŒã‚ŠãŸã„ #é«˜èª #é«˜å’èªå®š https://twitter.com/yuuki170/status/1752177921845035447"
"1755375624620040224","https://twitter.com/yuuki170/status/1755375624620040224","2024-02-08 08:38:56","ç„¡äº‹ã ã„ã¡ã®ã¡ã‹ã‚‰*è¦šãˆãŸã€‚ã¿ã‚“ãªé€²åŒ–ã•ã›ã¦ã„ã„ã‚ˆã€‚ https://twitter.com/yuuki26/status/1755374942395171106"
"1755355912590811494","https://twitter.com/yuuki170/status/1755355912590811494","2024-02-08 07:20:37","ãã‚ãã‚èµ·ãã‚‹ã‹ãªğŸ˜Š https://twitter.com/yuuki26/status/1755355807649042834"
"1755118602922135712","https://twitter.com/yuuki170/status/1755118602922135712","2024-02-07 15:37:38","æ˜”ä¸¸äº€è£½éººè¡Œã£ãŸã¨ãã«ã€ä¸¸äº€ ãƒ‡ãƒ–ã§Twitteræ¤œç´¢ã—ãŸã“ã¨ã‚ã£ãŸã®ã­ã€‚
ãƒ‡ãƒ–ã®äººãŒå‹§ã‚ã¦ã‚‹ãƒ¡ãƒ‹ãƒ¥ãƒ¼ã¯ç¾å‘³ã—ã„ã‚“ã˜ã‚ƒãªã„ã‹ã£ã¦..

ãã—ãŸã‚‰æ˜å¤ªé‡œç‰ã†ã©ã‚“ã«ãƒ©ã‚¤ã‚¹ã‚’é ¼ã‚€â€¦(?)ã¿ãŸã„ãªã€‚å®Ÿéš›ã‚„ã£ã¦ã¿ãŸã‚‰ã¾ã‚ã¾ã‚ã€‚ https://twitter.com/yuuki26/status/1755117486024913393"
"1755095020724728171","https://twitter.com/yuuki170/status/1755095020724728171","2024-02-07 14:03:55","è‡ªç”±è¨˜è¿°ãªã—ã®ãƒ—ãƒ­ãƒ•ã‚µãƒ¼ãƒ“ã‚¹æ¬²ã—ã„ã€‚
ç®‡æ¡æ›¸ãçš„ãªã€‚
ãã‚Œã§Androidã‚’ä½¿ã£ã¦ã‚‹Twitterãƒ¦ãƒ¼ã‚¶ãƒ¼ã¨ã‹ãŒæŠ½å‡ºã§ãã‚‹ã¨ã„ã„ã€‚
å›½éš›ãƒãƒƒãƒãƒ³ã‚°ã‚¢ãƒ—ãƒªã«ã‚‚ãªã‚‹ã¨æ€ã†ã€‚ https://twitter.com/yuuki26/status/1755093080284315734"
"1755094276118310960","https://twitter.com/yuuki170/status/1755094276118310960","2024-02-07 14:00:58","Twitterã¯åå‰ã®ä¸‹ã«å­¦æ­´ã‚’å‡ºã™ã¹ãã¨æ€ã†ã€‚
ãã‚Œã¯å†—è«‡ã ã‘ã©ã€ãƒ„ã‚¤ãƒ¼ãƒˆã—ã¦ã‚‹äººã®èƒŒæ™¯æƒ…å ±ãŒã‚ã‹ã‚‹ã¨åè¦‹ãŒåŠ©é•·ã•ã‚Œã‚‹ã¨æ€ã†ã€‚

ãã‚Œã§ç§ã¯è‹±èªå¢ã®å›ºãƒ„ã‚¤ã«å€‹äººãƒ‡ãƒ¼ã‚¿ã‚’è¼‰ã›ã¦ã‚‹ã€‚ https://twitter.com/yuuki26/status/1755074870650474661"
"1755037523913605241","https://twitter.com/yuuki170/status/1755037523913605241","2024-02-07 10:15:27","å¼•ç”¨å…ˆã®ãƒ–ãƒ­ã‚°ã®Ezprãƒ‡ãƒ¼ã‚¿æ§‹é€ ãŒæœ€ã‚‚å„ªã‚ŒãŸã‚¢ãƒ—ãƒ­ãƒ¼ãƒã ã¨æ€ã†ã€‚
ä»–ã®å…ˆè¡Œç ”ç©¶ã‚‚GitHubã«ã¾ã¨ã‚ãŸã€‚
https://twitter.com/yuuki26/status/1755035498387841476"
"1754575044028899772","https://twitter.com/yuuki170/status/1754575044028899772","2024-02-06 03:37:43","ãƒ†ãƒ³ãƒ‘ã‚ºãƒ«ã®è§£ã®é‡è¤‡æ’é™¤ã«ã“ã®ç†è«–ãŒå¿…è¦ã€‚
çµæœã€19å€‹ã®ãƒ«ãƒ¼ãƒ«ã§æ­£è¦åŒ–ã§ãã‚‹ã“ã¨ãŒåˆ¤æ˜ã—ãŸã€‚

ãŒã€ç­”ãˆãŒ0ã«ãªã‚‹å¼(=0ãƒ‘ã‚ºãƒ«)ã¸ã®é©ç”¨ã«å¤±æ•—ã—ãŸã€‚
(ç„¡é™ãƒ«ãƒ¼ãƒ—ã«ãªã£ã¦ã†ã¾ãã„ã‹ãªã‹ã£ãŸã€‚)
https://twitter.com/yuuki26/status/1754570272584478837"
"1754574140277969080","https://twitter.com/yuuki170/status/1754574140277969080","2024-02-06 03:34:08","A * 1 * 1 âŸ¹ A + 1 - 1
ã®ã‚ˆã†ã«ä¸€å®šã®ãƒ«ãƒ¼ãƒ«ã§å¼ã‚’å¤‰æ›ã™ã‚‹ã€‚
ã“ã®å¤‰æ›çµæœã‚’ã‚†ã†ãæ¨™æº–å½¢ã¨å‘¼ã‚“ã§ã„ãŸã€‚

ã‚†ã†ãæ¨™æº–å½¢ãŒåŒã˜å¼ã¯åŒã˜ã¨è€ƒãˆã‚‹ã€‚
Perlæ‹¡å¼µæ­£è¦è¡¨ç¾ã‚’ç”¨ã„ã¦ã“ã‚Œã‚’å®Ÿè£…ã—ãŸã€‚
https://twitter.com/yuuki26/status/1754567992543965231"
"1754573493046587417","https://twitter.com/yuuki170/status/1754573493046587417","2024-02-06 03:31:33","2å¹´å‰ã®ç ”ç©¶ã‚’æ•´ç†ã—ãŸã€‚

â‘ â‘¡â‘¢ã¯å…¨éƒ¨ç­”ãˆãŒ10ã®å¼ã€‚
ã—ã‹ã—ã€â‘ â‘¡ã¯åŒã˜ã‚ˆã†ãªå¼ã€â‘¢ã¯é•ã†å¼ã«æ€ãˆã‚‹ã¨æ€ã†ã€‚
ã“ã®é•ã„ã‚’å®šå¼åŒ–ã™ã‚‹ç ”ç©¶ã‚’è¡Œã£ã¦ãŸã€‚ https://twitter.com/yuuki26/status/1754564896862400541"
"1753772624507986085","https://twitter.com/yuuki170/status/1753772624507986085","2024-02-03 22:29:11","1æœˆ16æ—¥ å†·è”µåº«è³¼å…¥ã—ãŸã€‚12ä¸‡ã€‚
6ä¸‡ã‚’æ¯ã«ãŠå‡ºã—é ‚ã„ãŸã€‚

æœ¬æ—¥ãƒãƒƒãƒˆã‚¹ãƒ¼ãƒ‘ãƒ¼60000è²·ã£ãŸã€‚ https://twitter.com/yuuki26/status/1753767114815484001"
"1753344012671717630","https://twitter.com/yuuki170/status/1753344012671717630","2024-02-02 18:06:02","1æœˆ1æ—¥ã€è³‡æœ¬é‡‘2000ãƒ‰ãƒ«ã§æŠ•è³‡ãƒ•ã‚¡ãƒ³ãƒ‰è¨­ç«‹ã—ãŸã‘ã©ã¾ã ä½•ã‚‚ã—ã¦ãªã„ã€‚
(ãƒ‰ãƒ«ã™ã‚‰è²·ã£ã¦ãªã„ã€‚)

æ­£æœˆ1ãƒ‰ãƒ«140.94å††(?)ã§ã€åœ°éœ‡ã§é€†ã«ä¸‹ãŒã‚‹ã‹ã‚‚ã¨æ€ã„ã€æ§˜å­ã‚’è¦‹ã¦ãŸã‚‰é«˜ããªã£ã¦è²·ã„ã¥ã‚‰ããªã£ãŸã€‚ https://twitter.com/yuuki26/status/1753342829701542284"
"1752946245965062472","https://twitter.com/yuuki170/status/1752946245965062472","2024-02-01 15:45:27","ãƒ‰ãƒ©ã‚´ãƒ³3å°ä½œã£ãŸã€‚ãƒ¡ã‚¬ãƒ©ãƒ†ã‚£ã‚ªã‚¹å¯¾ç­–ã®ãŸã‚ã€‚

çµè«–ã‚¦ã‚¤ãƒ³ãƒ‡ã‚£ã‚ˆã‚Šãƒ©ã‚¤ãƒœãƒ«ãƒˆã®æ–¹ã„ã„ã€‚ã¿ãšã‚¿ã‚¤ãƒ—ç›¸æ‰‹ã«å‡ºã—ã¥ã‚‰ã„(å½“ãŸã‚Šå‰) https://twitter.com/yuuki26/status/1752943964267880567"
"1752254143488770443","https://twitter.com/yuuki170/status/1752254143488770443","2024-01-30 17:55:17","èª°ã«ã‚‚æ•™ãˆãŸããªã„ãŒãƒªãƒˆãƒ¬ãƒ¼ãƒ³ã£ã¦ã®ã¯ã—ãªã„æ–¹ã„ã„ã€‚
æ”»æ’ƒåŠ›ãƒ€ã‚¦ãƒ³ã¨ã„ã†æ„å‘³ã€‚
ã¿ã‚“ãªãŒã‚«ã‚¤ã‚ªãƒ¼ã‚¬ã‚’ãƒªãƒˆãƒ¬ãƒ¼ãƒ³ã—ã¦ãã‚Œã‚‹ã“ã¨ã‚’ç¥ˆã‚‹ã€‚ https://twitter.com/yuuki26/status/1752253722678227414"
"1752247784223453223","https://twitter.com/yuuki170/status/1752247784223453223","2024-01-30 17:30:01","ã²ã¨ã¾ãšç§ã®è‹±èªå¢ã®ãƒ„ã‚¤ãƒ¼ãƒˆã¾ã¨ã‚ã‚’ã‚†ã†ãå¹¼ç¨šåœ’ã¨å‘¼ã¶ã«ã¨ã©ã‚ã¦ã‚‹ã€‚ https://twitter.com/yuuki26/status/1752247237344952592"
"1752243645758189591","https://twitter.com/yuuki170/status/1752243645758189591","2024-01-30 17:13:34","ã‚¦ã‚£ã‚­ãƒãƒ¼ã‚·ãƒ†ã‚£ã‚’ã‚¦ã‚£ã‚­å¹¼ç¨šåœ’ã«æ”¹åã—ãŸã‚‚ã®ãŒã‚ã‚Œã°ã„ã„ã¨æ€ã†ã‘ã©
ä»Šã¯ã¿ã‚“ãªTwitterã«é›†ã¾ã£ã¦ã‚‹ã‹ã‚‰ https://twitter.com/yuuki26/status/1752243087777140890"
"1752239873225064703","https://twitter.com/yuuki170/status/1752239873225064703","2024-01-30 16:58:35","ãƒãƒƒãƒˆå¤§å­¦ã¿ãŸã„ãªã®ã¯ãƒãƒƒãƒˆå¹¼ç¨šåœ’ã®æ–¹ã„ã„ã¨æ€ã†ã€‚
å¤§å­¦ã ã¨å°1ã®ç®—æ•°ã‚’ã‚„ã‚Šç›´ã—ãŸã‚Šã—ã¥ã‚‰ã„ã€‚ https://twitter.com/yuuki26/status/1752239536514457966"
"1752217574480416811","https://twitter.com/yuuki170/status/1752217574480416811","2024-01-30 15:29:59","èª°ã«ã‚‚è¨€ã„ãŸããªã„ãŒã€ã‚®ãƒ•ãƒ†ãƒƒãƒˆã®äººãŒé›†ã¾ã‚‹å ´ã¨ã—ã¦MENSAã®ä»–ã«é«˜èªã¨ã„ã†ã‚‚ã®ãŒã‚ã‚‹ã¨æ€ã†ã€‚
(ç§ã¯å¤§å­¦å«ã‚€å­¦æ ¡ã€ã‚ã‚‰ã‚†ã‚‹è³‡æ ¼ã«å¦å®šçš„ãªã®ã§å—ã‘ã¦ãªã„ãŒ) https://twitter.com/yuuki26/status/1752217076800847883"
"1752177921845035447","https://twitter.com/yuuki170/status/1752177921845035447","2024-01-30 12:52:25","å‹é”å‹Ÿé›†
#ä¸ç™»æ ¡ã•ã‚“ã¨ç¹‹ãŒã‚ŠãŸã„ #é«˜èªç”Ÿã¨ç¹‹ãŒã‚ŠãŸã„ #é«˜èª #é«˜å’èªå®š https://twitter.com/yuuki170/status/1752177921845035447/photo/1"
"1752057840217522379","https://twitter.com/yuuki170/status/1752057840217522379","2024-01-30 04:55:15","å¼·ãã¦è‰ã€‚åˆã‚²ãƒƒãƒˆã€‚99å°å–ã‚æ€ã£ãŸãŒã‚‚ã†ã‚„ã‚ãŸã€‚
æ—©é€Ÿãƒ¬ãƒ™ãƒ«40ã€ã“ã‚“ã’ã‚“ã®ã¯ã©ã†*ã«ã•ã›ã¦é ‚ã„ãŸã€‚ https://twitter.com/yuuki26/status/1752057492773744714"
"1751978428432261530","https://twitter.com/yuuki170/status/1751978428432261530","2024-01-29 23:39:42","ã‚·ãƒ£ãƒ‰ã‚¦ã‚¦ã‚¤ãƒ³ãƒ‡ã‚£ä½œã£ãŸã€‚ãƒ­ã‚±ãƒƒãƒˆå›£ã®ã‚³ã‚¤ã‚­ãƒ³ã‚°å¯¾ç­–ã®ãŸã‚ã€‚
ã‹ã¿ãªã‚Šã®ã‚­ãƒ/ã‹ãˆã‚“ã»ã†ã—ã‚ƒ/ãƒ¯ã‚¤ãƒ«ãƒ‰ãƒœãƒ«ãƒˆ https://twitter.com/yuuki26/status/1751977299988394134"
"1751930445158355065","https://twitter.com/yuuki170/status/1751930445158355065","2024-01-29 20:29:02","ç§ã¯ãƒã‚±ãƒ¢ãƒ³GOã®å¼·ã•ã‚’ãŠå¤–ã§ã‚¹ãƒãƒ¼ãƒˆã«ç«‹ã¡æŒ¯ã‚‹èˆã†åŠ›ã¨å®šç¾©ã—ã¦ã‚‹ã€‚

å¤–ã‹ã‚‰å¸°ã£ã¦ãã¦ã‚ãƒ¼ç–²ã‚ŒãŸã£ã¦ã®ã¯ãƒã‚±ãƒ¢ãƒ³GOå¼±ã„ã€‚
å¤–ã§ã‚‚ã‚¨ã‚¢ã‚³ãƒ³ã®ä¸‹ã«ã„ã‚‹ã®ã¨åŒã˜ãã‚‰ã„å¿«é©ã«éã”ã™åŠ›ã€‚
(é›»ç†±æœã‚’è²·ã†ãªã©ã€‚)
ãã‚Œã¯ã‚µçµ‚ã—ã¦ã‚‚æ®‹ã‚‹ã¨æ€ã†ã€‚ https://twitter.com/yuuki26/status/1751929717316374842"
"1751656336889438470","https://twitter.com/yuuki170/status/1751656336889438470","2024-01-29 02:19:49","ã‚·ãƒ£ãƒ‰ã‚¦ã‚«ã‚¤ã‚ªãƒ¼ã‚¬å‡ºã‚‹ã®ä»ŠçŸ¥ã£ãŸ.. https://twitter.com/yuuki26/status/1751655850257625348"
"1750625286931272134","https://twitter.com/yuuki170/status/1750625286931272134","2024-01-26 06:02:48","ä»Šæ—¥ã‚‚æœã‹ã‚‰ãƒ–ãƒ©ãƒ³ãƒ‡ãƒ¼ã€‚ https://twitter.com/yuuki26/status/1750625169897328964"
"1750026908786696346","https://twitter.com/yuuki170/status/1750026908786696346","2024-01-24 14:25:03","ã‚†ã†ãã®ãƒ‰ãƒ¡ã‚¤ãƒ³ã‚’100ä¸‡å††ã§å£²ã‚Šã«å‡ºã—ãŸã€‚
èª°ã«ã‚‚æ¸¡ã—ãŸããªã„ãŒã€ç§ã¯SAOã®ãƒ¦ã‚¦ã‚­ã¨åŒå§“åŒåãªã®ã§ã€æœ¬å½“ã«æ¬²ã—ã„äººãŒã„ã‚‹ãªã‚‰æ¸¡ã•ãªã‘ã‚Œã°ãªã‚‰ãªã„ã¨æ€ã£ã¦ã„ã‚‹ã€‚ https://twitter.com/yuuki26/status/1750025416369164558"
"1749364425545720075","https://twitter.com/yuuki170/status/1749364425545720075","2024-01-22 18:32:35","2024/1/19 5å›ç›®æ¥ç¨®ã—ãŸã€‚ https://twitter.com/yuuki26/status/1749363668142207307"
"1747628672037560335","https://twitter.com/yuuki170/status/1747628672037560335","2024-01-17 23:35:19","@2iGj5 OKã‚†ã†ãã§é ¼ã‚€"
"1747622279259754619","https://twitter.com/yuuki170/status/1747622279259754619","2024-01-17 23:09:55","@2iGj5 ãŠãŠã‚ã‚ŠãŒã¨ã†"
"1747557179320946910","https://twitter.com/yuuki170/status/1747557179320946910","2024-01-17 18:51:14","å‹é”å‹Ÿé›†
#ä¸ç™»æ ¡ã•ã‚“ã¨ç¹‹ãŒã‚ŠãŸã„ https://twitter.com/yuuki170/status/1747557179320946910/photo/1"
"1744894931188293774","https://twitter.com/yuuki170/status/1744894931188293774","2024-01-10 10:32:24","ã“ã‚Œã†pã—ç›´ã—ãŸã‹ã‚‰ã€‚
https://www.tiktok.com/@yuuki148/video/7313037453017877762 https://twitter.com/yuuki26/status/1744893989353140593"
"1743959206640964015","https://twitter.com/yuuki170/status/1743959206640964015","2024-01-07 20:34:10","@KF0wNlnLib28637 ãŠã†ã‚ã‚ŠãŒã¨ã†"
"1743581427705536810","https://twitter.com/yuuki170/status/1743581427705536810","2024-01-06 19:33:01","èµ·ããŸã‚‰ç§˜å¯†åŸºåœ°ã«ç›´è¡Œã€‚ https://twitter.com/yuuki26/status/1743581106912583770"
"1743579261305536630","https://twitter.com/yuuki170/status/1743579261305536630","2024-01-06 19:24:24","6æ™‚é–“ãƒã‚¿ https://twitter.com/yuuki26/status/1743579152731484551"
"1743386696501338345","https://twitter.com/yuuki170/status/1743386696501338345","2024-01-06 06:39:13","æ˜¨æ—¥Kã•ã‚“ã¨Kãƒ¡ãƒ€çˆç²è¡Œã£ãŸã€‚
Twitterã«ã¦äººã‚’ãƒ•ã‚©ãƒ­ãƒ¼ã™ã‚‹ä»•äº‹ã‚’ã—ãŸã€‚ https://twitter.com/yuuki26/status/1743384301935140974"
"1743086353657761985","https://twitter.com/yuuki170/status/1743086353657761985","2024-01-05 10:45:46","@no_TL #ä¸ç™»æ ¡ã•ã‚“ã¨ç¹‹ãŒã‚ŠãŸã„ https://twitter.com/yuuki170/status/1727315152121610747"
"1742930448286904586","https://twitter.com/yuuki170/status/1742930448286904586","2024-01-05 00:26:15","æ–°ã‚·ãƒ£ãƒ‰ã‚¦ã®ã‚²ãƒƒãƒˆçŠ¶æ³ã€‚
ã‚ºã‚¬ã‚¤ãƒ‰ã‚¹ã¨ãƒ¢ã‚°ãƒªãƒ¥ãƒ¼ãŒå–ã‚Œã¦ãªã„ã€‚ https://twitter.com/yuuki26/status/1742930208976781314"
"1742235123070959996","https://twitter.com/yuuki170/status/1742235123070959996","2024-01-03 02:23:17","é ­ã‚ã£ã¡ã‚ƒç—›ã‹ã£ãŸã‘ã©ã‚³ãƒ¼ãƒ’ãƒ¼400ccé£²ã‚“ã ã‚‰æ²»ã£ãŸ https://twitter.com/yuuki26/status/1742234892560109911"
"1741741968923975928","https://twitter.com/yuuki170/status/1741741968923975928","2024-01-01 17:43:40","æ˜¼å¯ã—ã¦èµ·ããŸ https://twitter.com/yuuki26/status/1741741898606293122"
"1741682710123544852","https://twitter.com/yuuki170/status/1741682710123544852","2024-01-01 13:48:11","å®¶ã«å¸°ã£ã¦å¸°å®…ã—ãŸã€‚ https://twitter.com/yuuki26/status/1741682569999950282"
"1741475585950625855","https://twitter.com/yuuki170/status/1741475585950625855","2024-01-01 00:05:09","Oâ­ï¸Mâ­ï¸E https://twitter.com/yuuki26/status/1741475415573557397"
"1741179627715117566","https://twitter.com/yuuki170/status/1741179627715117566","2023-12-31 04:29:07","ã‚ã‚“ã‚ã‚“ã¨ã†ãƒ¼ãã‚“ã¨å¯ã‚‹ https://twitter.com/yuuki26/status/1741179477898485992"
"1741177752328516063","https://twitter.com/yuuki170/status/1741177752328516063","2023-12-31 04:21:40","â™¨ï¸å…¥ã£ãŸ https://twitter.com/yuuki26/status/1741177608509731305"
"1741163598595129535","https://twitter.com/yuuki170/status/1741163598595129535","2023-12-31 03:25:25","å†¬å­£ã†ã¤ç—…ã§ãƒ„ã‚¤ãƒ¼ãƒˆã§ãã¦ã„ãªã‹ã£ãŸã€‚ https://twitter.com/yuuki26/status/1741163223389196692"
"1741162529005674521","https://twitter.com/yuuki170/status/1741162529005674521","2023-12-31 03:21:10","ç§ã¯æ¯å¹´12/20æ­¯åŒ»è€…è¡Œãã€‚
3/20ãƒ»6/20ãƒ»9/20ãƒ»12/20
ã‚¯ãƒªã‚¹ãƒã‚¹ã«ä¸–ç•Œä¸€æ­¯ãŒç¶ºéº—ãªç”·ã«ãªã‚‹ã¨ã„ã†ã‚ã‘ã ã€‚ https://twitter.com/yuuki26/status/1741162015421268273"
"1741147801558647057","https://twitter.com/yuuki170/status/1741147801558647057","2023-12-31 02:22:39","ã‚³ãƒ¼ãƒ’ãƒ¼ãƒã‚·ãƒ³ã‚ã‚‹ã‹ã‚‰ã€‚é£²ã¿æ”¾é¡Œ https://twitter.com/yuuki26/status/1741081999597576254"
"1741146904615133255","https://twitter.com/yuuki170/status/1741146904615133255","2023-12-31 02:19:05","èŒ¶ã¨ã‚³ãƒ¼ãƒ’ãƒ¼ã£ã™ã€‚ã‚ã¨ã‚³ãƒ¼ãƒ©ã¨ãƒ¢ãƒ³ã‚¹ã‚¿ãƒ¼ã‚‚ã‚ã‚‹ã‹ã‚‰ã€‚ã¾ã‚ã‚½ãƒ•ã‚¡åº§ã£ã¦ https://twitter.com/yuuki26/status/1741075170586955834"
"1741146172180582872","https://twitter.com/yuuki170/status/1741146172180582872","2023-12-31 02:16:11","ä»Šå¹´ã‚‚ç§˜å¯†åŸºåœ°éƒ¨å±‹ã€‚
æ—©é€Ÿçš†ã•ã‚“é›†ã¾ã£ã¦è²°ã„ãŸã„ã€‚ https://twitter.com/yuuki26/status/1741066517884604778"
"1738520919092625537","https://twitter.com/yuuki170/status/1738520919092625537","2023-12-23 20:24:21","@no_TL #ä¸ç™»æ ¡ã•ã‚“ã¨ç¹‹ãŒã‚ŠãŸã„ https://twitter.com/yuuki170/status/1727315152121610747"
"1735095558031970623","https://twitter.com/yuuki170/status/1735095558031970623","2023-12-14 09:33:12","TikTokå§‹ã‚ãŸã€‚5æœˆã«æ’®ã£ãŸå‹•ç”»æŠ•ç¨¿ã—ãŸã ã‘ã€‚ https://twitter.com/yuuki26/status/1735094573414724035"
"1734612232460447783","https://twitter.com/yuuki170/status/1734612232460447783","2023-12-13 01:32:38","@no_TL #ä¸ç™»æ ¡ã•ã‚“ã¨ç¹‹ãŒã‚ŠãŸã„ https://twitter.com/yuuki170/status/1727315152121610747"
"1732178792461045845","https://twitter.com/yuuki170/status/1732178792461045845","2023-12-06 08:23:01","ãã¾ğŸ˜Š https://twitter.com/yuuki26/status/1732178708541132908"
"1731223783804211527","https://twitter.com/yuuki170/status/1731223783804211527","2023-12-03 17:08:09","ç§ã®Twitterã‚’ã‚†ã†ãå¹¼ç¨šåœ’ã«ã™ã‚‹ã“ã¨ã«ã—ãŸã€‚
ä¸–ç•Œåˆã®å¹´é½¢åˆ¶é™ã®ãªã„ã‚¤ãƒ³ã‚¿ãƒ¼ãƒãƒƒãƒˆå¹¼ç¨šåœ’ã«ãªã‚‹äºˆå®šã€‚

â€¢ ã‚¢ãƒ‹ãƒ¡æ•°å­¦ã®ç ”ç©¶
â€¢ çŸ­ç·¨ã‚¢ãƒ‹ãƒ¡ãƒ¼ã‚·ãƒ§ãƒ³ã§æ–‡å­¦ã‚’è¦‹ã‚‹
â€¢ 3ã¤ã®ã‚³ãƒ¼ãƒ‰ã ã‘ã§ãƒ”ã‚¢ãƒã‚’å¼¾ã
â€¢
ã‚’è¡Œã£ã¦ã„ãã€‚ https://twitter.com/yuuki26/status/1731221750971613188"
"1731223225819164990","https://twitter.com/yuuki170/status/1731223225819164990","2023-12-03 17:05:56","ãƒã‚«ãƒ†ã‚¹1æœŸ1è©±(2010)
æœ€å¾Œã®æ–¹ã®å§«è·¯ç‘å¸Œã®å›å¾©è©¦é¨“
å› æ•°åˆ†è§£ https://twitter.com/yuuki26/status/1731210184767250569"
"1731152101047427481","https://twitter.com/yuuki170/status/1731152101047427481","2023-12-03 12:23:18","ã‚«ã‚·ãƒ¥ãƒ¼ãƒŠãƒƒãƒ„ã‚’è²·ã£ãŸã®ã«é£Ÿã¹ã‚‹ã®ã‚’å¿˜ã‚Œã¦ã„ãŸç”·ãƒ»ã‚†ã†ã https://twitter.com/yuuki26/status/1731151864035414057"
"1730084966514749803","https://twitter.com/yuuki170/status/1730084966514749803","2023-11-30 13:42:54","ãƒ•ãƒ©ãƒƒã‚·ãƒ¥æš—ç®—ã‚’ä½œã£ãŸã€‚ https://twitter.com/yuuki26/status/1730065369652425195"
"1729218555974148192","https://twitter.com/yuuki170/status/1729218555974148192","2023-11-28 04:20:05","9ãƒã‚¿ https://twitter.com/yuuki26/status/1729218335248658888"
"1728505573958881369","https://twitter.com/yuuki170/status/1728505573958881369","2023-11-26 05:06:57","ç§ãŒ100ã‚’æŒã£ã¦ãªã„ãƒ¡ã‚¬ã‚·ãƒ³ã‚«ãƒã‚±ãƒ¢ãƒ³ã€‚
ã‚ã¨ãƒ‡ã‚£ã‚¢ãƒ³ã‚·ãƒ¼ã‚‚æŒã£ã¦ãªã„ã€‚ https://twitter.com/yuuki26/status/1728504995811615136"
"1727467342165315733","https://twitter.com/yuuki170/status/1727467342165315733","2023-11-23 08:21:23","ãã¾ã¨å¯ã‚‹ https://twitter.com/yuuki26/status/1727466979072659670"
"1727437136276926929","https://twitter.com/yuuki170/status/1727437136276926929","2023-11-23 06:21:22","å…ˆæ—¥ã‚„ã¤ã‚ãŸã‚Šæ¶ˆã—ãŸãŒã ã„ã¡ã®ã¡ã‹ã‚‰*æ¥ãªã„ã¨é€²åŒ–ã•ã›ã‚Œãªã„ã®ã§ç›®å‡ºåº¦ã•ã‚‚ã¡ã†ä½ä¹ŸãŠã‚‰ãŒãƒã‚±ã€‚ https://twitter.com/yuuki26/status/1727436064875274716"
"1727361558614061421","https://twitter.com/yuuki170/status/1727361558614061421","2023-11-23 01:21:03","AIã‚¢ã‚¤ã‚³ãƒ³ã«ã—ãŸã‹ã£ãŸãŒå®Ÿç‰©ã¨ã»ã¨ã‚“ã©å¤‰ã‚ã‚‰ã‚“ã‹ã‚‰å®Ÿå†™ã€‚ https://twitter.com/yuuki26/status/1727360867107504476"
"1727350323554173085","https://twitter.com/yuuki170/status/1727350323554173085","2023-11-23 00:36:24","æ—¥æœ¬èªå¢å§‹ã‚ãŸã€‚
è‹±èªå¢ã‚’ãŸã¾ã«å¼•ç”¨RTã—ã¦ç¿»è¨³ã™ã‚‹ã ã‘ã€‚
æœˆ1ãã‚‰ã„ã€‚ https://twitter.com/yuuki26/status/1727349435384967623"
"1727315152121610747","https://twitter.com/yuuki170/status/1727315152121610747","2023-11-22 22:16:38","å‹é”å‹Ÿé›†
#ä¸ç™»æ ¡ã•ã‚“ã¨ç¹‹ãŒã‚ŠãŸã„ https://twitter.com/yuuki170/status/1727315152121610747/photo/1"
